{
  "lambda_kappa": {
    "multiplier": 1.4662193874972282,
    "nominal_coverage": 0.900990099009901,
    "cv_coverage_mean": 0.8903535353535353,
    "cv_coverage_std": 0.07013056824514906,
    "per_condition_coverage": {
      "0": 0.8888888888888888,
      "1": 0.9166666666666666,
      "2": 1.0,
      "3": 1.0,
      "4": 0.8333333333333334,
      "5": 0.8888888888888888,
      "6": 0.7777777777777778,
      "7": 0.8888888888888888,
      "8": 0.9090909090909091,
      "9": 0.8
    }
  },
  "SEC_Wh_m3": {
    "multiplier": 1.5689572216469372,
    "nominal_coverage": 0.900990099009901,
    "cv_coverage_mean": 0.8893939393939394,
    "cv_coverage_std": 0.1636309077529171,
    "per_condition_coverage": {
      "0": 0.8888888888888888,
      "1": 1.0,
      "2": 1.0,
      "3": 0.9090909090909091,
      "4": 0.8333333333333334,
      "5": 1.0,
      "6": 1.0,
      "7": 0.4444444444444444,
      "8": 0.8181818181818182,
      "9": 1.0
    }
  },
  "R_kappa_pos": {
    "multiplier": 1.7255282696057734,
    "nominal_coverage": 0.900990099009901,
    "cv_coverage_mean": 0.8941919191919192,
    "cv_coverage_std": 0.1059911388664752,
    "per_condition_coverage": {
      "0": 1.0,
      "1": 0.8333333333333334,
      "2": 1.0,
      "3": 0.8181818181818182,
      "4": 0.9166666666666666,
      "5": 0.6666666666666666,
      "6": 0.8888888888888888,
      "7": 1.0,
      "8": 0.8181818181818182,
      "9": 1.0
    }
  }
}